track_name,artist_name,album_name,release_year,danceability,energy,acousticness,valence,tempo,lyrics_found,vader_compound,textblob_polarity,textblob_subjectivity,lexical_density,sentiment_divergence,melancholy_index
Love Story,Taylor Swift,Fearless,2008,0.617,0.741,0.033,0.828,119.0,True,0.9871,0.05,0.4554,0.3582,-0.1655,0.1484
You Belong With Me,Taylor Swift,Fearless,2008,0.687,0.771,0.057,0.843,130.0,True,0.9788,0.216,0.4146,0.3427,-0.1464,0.1347
All Too Well,Taylor Swift,Red,2012,0.631,0.605,0.033,0.339,93.0,True,0.9925,0.0669,0.4574,0.4165,-0.6573,0.384
Blank Space,Taylor Swift,1989,2014,0.76,0.703,0.103,0.57,96.0,True,-0.9085,-0.0037,0.6158,0.3197,0.5242,0.5474
Shake It Off,Taylor Swift,1989,2014,0.647,0.8,0.064,0.942,160.0,True,-0.9997,-0.4973,0.8558,0.1899,0.9418,0.3832
Cruel Summer,Taylor Swift,Lover,2019,0.552,0.702,0.117,0.564,170.0,True,-0.9739,-0.1472,0.5618,0.2993,0.5509,0.5599
Cardigan,Taylor Swift,Folklore,2020,0.613,0.581,0.537,0.551,130.0,True,0.9944,0.1284,0.4206,0.3824,-0.4462,0.3061
Exile,Taylor Swift,Folklore,2020,0.298,0.38,0.778,0.152,75.6,True,-0.8491,-0.0067,0.5837,0.309,0.0765,0.8026
Anti-Hero,Taylor Swift,Midnights,2022,0.637,0.643,0.13,0.533,97.0,True,-0.9904,0.037,0.4741,0.4199,0.5282,0.5925
Fortnight,Taylor Swift,The Tortured Poets Department,2024,0.504,0.386,0.512,0.261,96.0,True,0.7876,0.3154,0.6434,0.3333,-0.6328,0.5117
Video Games,Lana Del Rey,Born to Die,2012,0.395,0.244,0.612,0.174,122.0,True,0.9956,0.1059,0.5412,0.3179,-0.8238,0.5579
Born to Die,Lana Del Rey,Born to Die,2012,0.586,0.645,0.036,0.364,120.0,True,0.9873,-0.1172,0.4968,0.2844,-0.6296,0.3628
Summertime Sadness,Lana Del Rey,Born to Die,2012,0.563,0.664,0.045,0.238,112.0,True,-0.8176,0.1513,0.3663,0.3092,0.1468,0.6782
West Coast,Lana Del Rey,Ultraviolence,2014,0.504,0.548,0.147,0.265,123.0,True,0.9989,0.2091,0.5387,0.2773,-0.7344,0.4298
Shades of Cool,Lana Del Rey,Ultraviolence,2014,0.323,0.443,0.347,0.136,128.0,True,0.9824,0.1302,0.5802,0.3279,-0.8552,0.5153
High by the Beach,Lana Del Rey,Honeymoon,2015,0.638,0.54,0.048,0.247,138.0,True,-0.9626,0.1528,0.5654,0.2675,0.2283,0.7336
Love,Lana Del Rey,Lust for Life,2017,0.528,0.376,0.485,0.244,99.0,True,-0.9851,-0.1878,0.5724,0.2929,0.2365,0.7874
Norman Fucking Rockwell,Lana Del Rey,NFR!,2019,0.498,0.301,0.771,0.183,76.0,True,0.8666,-0.0023,0.2839,0.3744,-0.7503,0.5565
Venice Bitch,Lana Del Rey,NFR!,2019,0.444,0.407,0.573,0.135,156.0,True,0.992,0.1682,0.509,0.249,-0.861,0.5251
A&W,Lana Del Rey,Did You Know...,2023,0.418,0.472,0.741,0.119,161.0,True,0.9981,0.1691,0.5136,0.2431,-0.88,0.5111
